,year,amount
0,2019,420000
1,2019,50000
2,2019,14595900
3,2019,125000
4,2019,199035
5,2019,90229200
6,2019,70000
7,2019,4000000
8,2019,6634500
9,2019,30000
10,2019,30000
11,2019,30000
12,2019,30000
13,2019,1200000
14,2019,20462000
15,2019,3000000
16,2019,3000000
17,2019,53076000
18,2019,13269000
19,2019,19903500
20,2019,14000000
21,2019,62364300
22,2019,3000000
23,2019,250000
24,2019,25000
25,2019,0
26,2019,6200000
27,2019,0
28,2019,31314840
29,2019,7165260
30,2019,5853000
31,2019,50000
32,2019,50000
33,2019,35000000
34,2019,0
35,2019,3300000
36,2019,1770000
37,2019,100000
38,2019,250000
39,2019,2270000
40,2019,1200000
41,2019,5971050
42,2019,200000
43,2019,7032570
44,2019,6000000
45,2019,18576600
46,2019,1000000
47,2019,7710000
48,2019,1200000
49,2019,2678000
50,2019,3410133
51,2019,95000000
52,2019,2000000
53,2019,750000
54,2019,53076000
55,2019,55000000
56,2019,250000
57,2019,1500000
58,2019,1900000
59,2019,3317250
60,2019,30000
61,2019,39807
62,2019,17000000
63,2019,17249700
64,2019,200000
65,2019,800000
66,2019,2800000
67,2019,26538000
68,2019,13269000
69,2019,1326900
70,2019,50000
71,2019,5000
72,2019,8500000
73,2019,5000
74,2019,2000000
75,2019,11278650
76,2019,20000
77,2019,0
78,2019,250000
79,2019,0
80,2019,120000
81,2019,1143000
82,2019,150000
83,2019,15000000
84,2019,2000000
85,2019,3500000
86,2019,26550000
87,2019,199035
88,2019,3500000
89,2019,1700000
90,2019,4500000
91,2019,1592280
92,2019,331725000
93,2019,59710500
94,2019,0
95,2019,3200000
96,2019,14595900
97,2019,5572980
98,2019,70000000
99,2019,50000
100,2019,50000
101,2019,3500000
102,2019,50000
103,2019,0
104,2019,1000000
105,2019,3317250
106,2019,0
107,2019,21893850
108,2019,1000000
109,2019,150000
110,2019,1500000
111,2019,7944599
112,2019,5971050
113,2019,9951750
114,2021,126000000
115,2019,9951750
116,2019,174421
117,2019,1600000
118,2019,4660000
119,2019,1000000
120,2019,20000000
121,2019,5307600
122,2019,5000000
123,2019,10000000
124,2019,86248500
125,2019,15000000
126,2020,0
127,2020,0
128,2020,54200000
129,2020,27100000
130,2020,1800000
131,2020,30000
132,2020,40650
133,2020,44715000
134,2020,10000000
135,2020,500000
136,2020,20000000
137,2020,500000
138,2020,6775000
139,2020,1000000
140,2020,2303500
141,2020,120000000
142,2020,59500000
143,2020,0
144,2020,2660000
145,2020,29810000
146,2020,74525000
147,2020,0
148,2020,11517500
149,2020,5400000
150,2020,1800000
151,2020,15800000
152,2020,0
153,2020,4963875
154,2020,1100000
155,2020,3000000
156,2020,5046606
157,2020,800000
158,2020,9959250
159,2020,75000
160,2020,500000
161,2020,1355000
162,2020,1600000
163,2020,50000
164,2020,100000
165,2020,6097500
166,2020,5200000
167,2020,25000000
168,2020,750000
169,2020,8130000
170,2020,9300000
171,2020,250000
172,2020,28455000
173,2020,500000
174,2020,2700000
175,2020,6100000
176,2020,32475000
177,2020,1000000
178,2020,1660891
179,2020,175000
180,2020,63700000
181,2020,3000000
182,2020,280000
183,2020,28455000
184,2020,120000
185,2020,120000
186,2020,120000
187,2020,120000
188,2020,120000
189,2020,2125000
190,2020,710000
191,2020,4065000
192,2020,57650100
193,2020,50000
194,2020,500000
195,2020,2000000
196,2020,3400000
197,2020,9485000
198,2020,3230000
199,2020,9100000
200,2020,75000
201,2020,12000000
202,2020,1670000
203,2020,30000
204,2020,30000
205,2020,0
206,2020,7900000
207,2020,10840000
208,2020,39295000
209,2020,7500000
210,2020,8130000
211,2020,9141652
212,2020,100000000
213,2020,1750000
214,2020,0
215,2020,9180106
216,2020,4183500
217,2020,7000000
218,2020,10000000
219,2020,9800000
220,2020,7500000
221,2020,13500000
222,2020,30000
223,2020,25745000
224,2020,775000
225,2020,2811625
226,2020,10000000
227,2020,1000000
228,2020,144000000
229,2020,6601110
230,2020,1693750
231,2020,29800000
232,2020,3500000
233,2020,500000
234,2020,0
235,2020,2800000
236,2020,1400000
237,2020,3468052
238,2020,3371600
239,2020,3000000
240,2020,10000000
241,2020,0
242,2020,15000
243,2020,15000
244,2020,500000
245,2020,52000000
246,2020,1500000
247,2020,750000
248,2020,2100000
249,2020,2750000
250,2020,1500000
251,2020,15000000
252,2020,6000000
253,2020,5000000
254,2020,1200000
255,2020,50000
256,2020,100000
257,2020,50000
258,2020,6500000
259,2020,1240000
260,2020,0
261,2020,2000000
262,2020,10000000
263,2020,8000000
264,2020,13000000
265,2020,3500000
266,2020,1300000
267,2020,345000
268,2020,1250000
269,2020,9400000
270,2020,3000000
271,2020,5102523
272,2020,9503200
273,2020,0
274,2020,800000
275,2020,6500000
276,2020,0
277,2020,0
278,2020,4000000
279,2020,8688640
280,2020,11516479
281,2020,500000
282,2020,0
283,2020,0
284,2020,3000000
285,2020,7000000
286,2020,3975000
287,2020,2000000
288,2020,6775000
289,2020,54200000
290,2020,7200000
291,2020,1400000
292,2020,177084
293,2020,2333333
294,2020,2600000
295,2020,118756
296,2020,0
297,2020,43800000
298,2020,4500000
299,2020,650000
300,2020,0
301,2020,6000000
302,2020,16000000
303,2020,2682400
304,2020,2400000
305,2020,11500000
306,2020,2640000
307,2020,3500000
308,2020,4700000
309,2020,169375
310,2020,600000
311,2020,4000000
312,2020,203250
313,2020,2000000
314,2020,15000000
315,2020,4742500
316,2020,0
317,2020,6775000
318,2020,4200000
319,2020,5611279
320,2020,509013
321,2020,9899489
322,2020,6500000
323,2020,21400000
324,2020,2500000
325,2020,10497317
326,2020,2000000
327,2020,500000
328,2020,350000
329,2020,8130000
330,2020,5300000
331,2020,70000000
332,2020,0
333,2020,2710000
334,2020,6600000
335,2020,6844911
336,2020,1000000
337,2020,11600000
338,2020,29488800
339,2020,100000000
340,2020,5200000
341,2020,0
342,2020,814560
343,2020,1000000
344,2020,8130000
345,2020,13550000
346,2020,0
347,2020,27100000
348,2020,2000000
349,2020,2500000
350,2020,640000
351,2020,0
352,2020,5144745
353,2020,8807500
354,2020,222000000
355,2020,7113750
356,2020,0
357,2020,10840000
358,2020,5000000
359,2020,14500000
360,2020,2500000
361,2020,4000000
362,2020,3261165
363,2020,333025
364,2020,0
365,2020,6000000
366,2020,0
367,2020,3929500
368,2020,2610000
369,2020,33875000
370,2020,8265500
371,2020,20000000
372,2020,7992600
373,2020,1000000
374,2020,5000000
375,2020,3350000
376,2020,11000000
377,2020,1400000
378,2020,30000000
379,2020,2500000
380,2020,8409225
381,2020,6775000
382,2020,8000000
383,2020,2170000
384,2020,2421607
385,2020,3000000
386,2020,3995700
387,2020,300000
388,2020,5400000
389,2020,1000000
390,2020,2000000
391,2020,3008309
392,2020,0
393,2020,0
394,2020,0
395,2020,20325000
396,2021,127510
397,2021,0
398,2021,100000
399,2021,0
400,2021,0
401,2021,0
402,2021,1124570
403,2021,126770000
404,2021,317125
405,2021,20295980
406,2021,0
407,2021,1300000
408,2021,13500000
409,2021,0
410,2021,0
411,2021,159000000
412,2021,8300000
413,2021,1000000
414,2021,76362
415,2021,3000000
416,2021,0
417,2021,127270
418,2021,2300000
419,2021,400000
420,2021,0
421,2021,1273500
422,2021,4200000
423,2021,11200000
424,2021,0
425,2021,8000000
426,2021,152856
427,2021,18200000
428,2021,500000
429,2021,6333000
430,2021,153720
431,2021,3843000
432,2021,319500
433,2021,1000000
434,2021,0
435,2021,128240
436,2021,153888
437,2021,9500000
438,2021,640000
439,2021,1278300
440,2021,76968
441,2021,164658000
442,2021,1300000
443,2021,894390
444,2021,0
445,2021,3400000
446,2021,50000
447,2021,800000
448,2021,346318
449,2021,107856500
450,2021,6500000
451,2021,289000000
452,2021,56400000
453,2021,1600000
454,2021,1902900
455,2021,4000000
456,2021,3000000
457,2021,5300000
458,2021,152532
459,2021,10200000
460,2021,1250000
461,2021,10000000
462,2021,2500000
463,2021,0
464,2021,10300000
465,2021,25000000
466,2021,2400000
467,2021,4400000
468,2021,5419290
469,2021,12000000
470,2021,189000
471,2021,737275
472,2021,5900000
473,2021,1294401
474,2021,3007200
475,2021,10000000
476,2021,20000000
477,2021,2000000
478,2021,2600000
479,2021,20000
480,2021,50644
481,2021,980000
482,2021,378780
483,2021,21472700
484,2021,4420850
485,2021,37893000
486,2021,82329000
487,2021,107000000
488,2021,4500000
489,2021,0
490,2021,0
491,2021,2906050
492,2021,34198200
493,2021,37911000
494,2021,12500000
495,2021,50000000
496,2021,2000000
497,2021,3008309
498,2021,0
499,2021,1074377
500,2021,7970534
501,2021,0
502,2021,0
503,2021,31137500
504,2021,1245500
505,2021,0
506,2021,2493000
507,2021,4700000
508,2021,124580000
509,2021,13700000
510,2021,0
511,2021,6000000
512,2021,0
513,2021,5100000
514,2021,6000000
515,2021,0
516,2021,2512400
517,2021,821378
518,2021,2300000
519,2021,385245500
520,2021,0
521,2021,825000
522,2021,0
523,2021,2000000
524,2021,1330000
525,2021,750000
526,2021,184200
527,2021,0
528,2021,1660000
529,2021,0
530,2021,147360
531,2021,147360
532,2021,0
533,2021,22000000
534,2021,0
535,2021,128550
536,2021,0
537,2021,335000
538,2021,7500000
539,2021,0
540,2021,20697279
541,2021,1228000
542,2021,4503004
543,2021,125000000
544,2021,0
545,2021,8000000
546,2021,3320000
547,2021,20876000
548,2021,6000000
549,2021,300000000
550,2021,136400000
551,2021,3000000
552,2021,11000000
553,2021,20000000
554,2021,0
555,2021,4912000
556,2021,1700000
557,2021,10438000
558,2021,0
559,2021,1500000
560,2021,0
561,2021,100000
562,2021,0
563,2021,1000000
564,2021,0
565,2021,6300000
566,2021,10000000
567,2021,12280000
568,2021,300000
569,2021,14736000
570,2021,30700
571,2021,184200
572,2021,130000000
573,2021,1785083
574,2021,6000000
575,2021,1700000
576,2021,0
577,2021,2400000
578,2021,18420000
579,2021,0
580,2021,2396913
581,2021,3684000
582,2021,2000000
583,2021,0
584,2021,4025843
585,2021,1228000
586,2021,245600000
587,2021,98240000
588,2021,0
589,2021,75000
590,2021,122800000
591,2021,36100000
592,2021,35000000
593,2021,3806800
594,2021,9701200
595,2021,3315600
596,2021,2500000
597,2021,7368000
598,2021,27000000
599,2021,6200000
600,2021,73000000
601,2021,737000
602,2021,1470000
603,2021,476109600
604,2021,750000
605,2021,100000000
606,2021,60000000
607,2021,965000
608,2021,6000000
609,2021,0
610,2021,0
611,2021,21000000
612,2021,375000000
613,2021,0
614,2021,3700000
615,2021,9210000
616,2021,60000000
617,2021,16000000
618,2021,34384000
619,2021,2800000
620,2021,500000
621,2021,0
622,2021,154975000
623,2019,197475000
624,2021,314418000
625,2021,0
626,2021,31348971
627,2021,778000
628,2021,163000000
629,2021,226000000
630,2021,125000000
631,2021,12500000
632,2021,2511382
633,2021,125000000
634,2021,268000000
635,2021,44000000
636,2021,1000000
637,2021,5600000
638,2021,5600000
639,2021,43900000
640,2021,10000000
641,2021,2700000
642,2021,6280000
643,2021,11270000
644,2021,0
645,2021,25000000
646,2021,3021047
647,2021,377000
648,2021,621940
649,2021,87777
650,2021,1000
651,2021,900000
652,2021,6200000
653,2021,2500000
654,2021,25000000
655,2021,1075621
656,2021,100000000
657,2021,17700000
658,2021,1500000
659,2021,0
660,2021,5500000
661,2021,2450000
662,2021,300000
663,2021,7500000
664,2021,24900000
665,2021,5000000
666,2021,2800000
667,2021,7700000
668,2021,2500000
669,2019,80000
670,2019,0
671,2019,340635
672,2019,1850000
673,2019,2642300
674,2019,106112
675,2019,3049708
676,2019,1128582
677,2019,22946692
678,2019,53000000
679,2019,657050
680,2019,500000
681,2019,1310000
682,2019,1729200
683,2019,20960
684,2019,27127247
685,2019,1100000
686,2019,157398
687,2019,157398
688,2019,157398
689,2019,157398
690,2019,157398
691,2019,13310900
692,2019,1984290
693,2019,55477380
694,2019,175000
695,2019,3158880
696,2019,850000
697,2019,593189
698,2019,46117208
699,2019,3300000
700,2019,40037
701,2019,200093
702,2019,3200000
703,2019,1333950
704,2019,5350000
705,2019,1150000
706,2019,17349150
707,2019,1750000
708,2019,7250000
709,2019,3329663
710,2019,2000000
711,2019,15000000
712,2019,22100000
713,2019,671000
714,2019,5000000
715,2019,100000
716,2019,9699948
717,2019,100000
718,2019,3366388
719,2019,42000000
720,2019,891359
721,2019,1500000
722,2019,1679419
723,2019,100000000
724,2019,671875
725,2019,2697900
726,2019,2702900
727,2019,1500000
728,2019,270870
729,2019,2003625
730,2019,40349
731,2019,20000000
732,2019,32000000
733,2019,300000
734,2019,6700000
735,2019,157141
736,2019,1350000
737,2019,9570538
738,2019,5253800
739,2019,41102775
740,2019,500000
741,2019,3000000
742,2019,156580
743,2019,45804150
744,2019,4908492
745,2019,2614500
746,2019,196928
747,2019,500000
748,2019,1500000
749,2019,6569975
750,2019,1313995
751,2019,73263
752,2019,525000
753,2019,65000000
754,2019,5325383
755,2019,1190565
756,2019,9200000
757,2019,531020
758,2019,1500000
759,2019,12000000
760,2019,12346215
761,2019,199732
762,2019,150000
763,2019,250000
764,2019,1864730
765,2019,44967210
766,2019,158046
767,2019,158046
768,2019,14500000
769,2019,49056450
770,2019,66302
771,2019,10000000
772,2019,2121856
773,2019,1850000
774,2019,3600000
775,2019,13225
776,2019,15000
777,2019,435683
778,2019,500000
779,2019,25000000
780,2019,921095
781,2019,328962
782,2019,90000
783,2019,9207450
784,2019,265014000
785,2019,5586687
786,2019,13271800
787,2019,1991625
788,2019,13301150
789,2019,25000000
790,2019,1394358
791,2019,1329290
792,2019,20297968
793,2019,5692254
794,2019,988087
795,2019,620000
796,2019,657395
797,2019,150381200
798,2019,650225
799,2020,0
800,2020,52252
801,2020,0
802,2021,13000000
803,2020,326358
804,2019,0
805,2019,0
806,2019,0
807,2020,0
808,2020,0
809,2019,0
810,2019,3900000
811,2019,0
812,2020,0
813,2019,0
814,2020,0
815,2019,0
816,2021,27549500
817,2019,2611140
818,2019,0
819,2019,14575770
820,2020,534672
821,2019,333196
822,2019,105727
823,2020,42500
824,2019,300000
825,2019,8511783
826,2020,39189
827,2020,1302161
828,2021,17899700
829,2019,725802
830,2019,33509750
831,2019,140127750
832,2020,26000000
833,2020,0
834,2020,0
835,2020,699163
836,2019,0
837,2019,32272
838,2019,0
839,2019,0
840,2021,1500000
841,2019,25000
842,2020,0
843,2019,200000
844,2019,0
845,2021,0
846,2020,0
847,2020,8780038
848,2019,950000
849,2020,989216
850,2019,0
851,2019,1331350
852,2019,0
853,2019,39473080
854,2020,167878
855,2019,0
856,2019,2647440
857,2019,25000000
858,2019,0
859,2019,0
860,2019,1331090
861,2020,6000000
862,2019,500000
863,2021,0
864,2019,0
865,2019,2790552
866,2021,30000000
867,2020,0
868,2019,1329400
869,2021,3174625
870,2019,5335020
871,2019,259000
872,2020,330000
873,2020,357187
874,2021,19084125
875,2019,0
876,2021,23000000
877,2019,0
878,2020,0
879,2019,0
880,2019,0
881,2019,16300000
882,2020,23000000
883,2020,0
884,2020,0
885,2019,500000
886,2020,3439338
887,2020,0
888,2020,0
889,2019,150823
890,2021,0
891,2020,13396050
892,2019,0
893,2020,5330000
894,2019,197052
895,2019,0
896,2020,2000000
897,2019,0
898,2019,1474031
899,2019,0
900,2019,0
901,2019,0
902,2019,0
903,2019,0
904,2019,0
905,2019,13000000
906,2019,1000000
907,2019,120000
908,2019,1200000
909,2019,10000
910,2019,650000
911,2019,707000
912,2019,0
913,2019,0
914,2019,0
915,2019,0
916,2019,0
917,2019,200000
918,2019,30000
919,2019,50000
920,2019,0
921,2019,2500000
922,2019,50000
923,2019,2200000
924,2019,150000
925,2019,0
926,2019,50000
927,2019,4500000
928,2019,105000
929,2019,550000
930,2019,46000
931,2019,4600000
932,2019,70000
933,2019,1000000
934,2019,30000
935,2019,200000
936,2019,1700000
937,2019,2000000
938,2019,5200000
939,2019,100000
940,2020,0
941,2020,0
942,2020,0
943,2020,0
944,2020,0
945,2020,30000
946,2020,30000
947,2020,30000
948,2020,450000
949,2020,100000
950,2020,0
951,2020,15000000
952,2020,1500000
953,2020,0
954,2020,0
955,2020,2500000
956,2020,516000
957,2020,650000
958,2020,950000
959,2020,6000000
960,2020,156000
961,2020,0
962,2020,350000
963,2020,25000
964,2020,870000
965,2020,200000
966,2020,600000
967,2020,0
968,2020,10000000
969,2020,0
970,2020,830000
971,2020,182000
972,2020,0
973,2020,102000
974,2020,100000
975,2020,0
976,2020,4800000
977,2020,4900000
978,2020,600000
979,2020,0
980,2020,4000000
981,2020,0
982,2020,0
983,2020,0
984,2020,0
985,2020,3500000
986,2020,0
987,2020,100000
988,2020,0
989,2020,100000
990,2020,25000
991,2020,1000000
992,2020,0
993,2020,180000
994,2020,0
995,2020,125000
996,2020,225000
997,2020,885000
998,2021,0
999,2021,1000000
1000,2021,1500000
1001,2021,0
1002,2021,6000000
1003,2021,2000000
1004,2021,1600000
1005,2021,3750000
1006,2021,1000000
1007,2021,110000
1008,2021,25000000
1009,2021,25042100
1010,2021,4000000
1011,2021,37600000
1012,2021,2300000
1013,2019,3250000
1014,2019,0
1015,2019,250000
1016,2019,4000000
1017,2019,0
1018,2019,2000000
1019,2019,2000000
1020,2019,36500
1021,2019,2000000
1022,2019,3500000
1023,2019,1500000
1024,2019,500000
1025,2019,1500000
1026,2019,4500000
1027,2019,750000
1028,2019,3500000
1029,2019,3750000
1030,2019,3750000
1031,2019,2600000
1032,2019,1000000
1033,2019,4000000
1034,2019,1500000
1035,2019,0
1036,2019,50000
1037,2019,1600000
1038,2019,3600000
1039,2019,0
1040,2019,0
1041,2021,1000000
1042,2021,1700000
1043,2021,63000000
1044,2021,266000000
1045,2021,3800000
1046,2021,1200000
1047,2021,0
1048,2021,18900000
1049,2021,107000000
1050,2021,18900000
1051,2021,1000000
1052,2019,330000000
1053,2021,25000000
1054,2021,120000000
1055,2021,50400000
1056,2021,3000000
1057,2021,0
1058,2021,3760000
1059,2021,690000
1060,2021,4000000
1061,2021,500000
1062,2021,250000
1063,2021,12600000
1064,2021,23789995
1065,2021,45000000
1066,2021,1605025
1067,2021,2581900
1068,2021,314273
1069,2021,125000
1070,2021,3130263
1071,2021,3930000
1072,2021,65000000
1073,2021,3150000
1074,2021,5000000
1075,2021,3000000
1076,2021,8000000
1077,2021,3250000
1078,2021,484000
1079,2021,1250000
1080,2021,10000000
1081,2021,35000000
1082,2021,1900000
1083,2021,7990000
1084,2021,2500000
1085,2021,2800000
1086,2020,2900000
1087,2021,15700000
1088,2021,319100000
1089,2021,700000
1090,2019,3000000
1091,2021,6700000
1092,2021,10000000
1093,2021,13500000
1094,2021,100000000
1095,2021,20000000
1096,2021,0
1097,2021,18000000
1098,2021,0
1099,2021,28000000
1100,2021,110000
1101,2021,60000
1102,2021,20000
1103,2021,7000
1104,2021,350000
1105,2021,0
1106,2021,1000000
1107,2021,0
1108,2021,2760000
1109,2021,4000000
1110,2021,822000
1111,2021,565000
1112,2021,0
1113,2021,1000000
1114,2021,2000000
1115,2021,48500000
1116,2021,20000000
1117,2021,31000000
1118,2021,26000000
1119,2021,8000000
1120,2021,1000000
1121,2021,21000000
1122,2021,10000000
1123,2021,3000000
1124,2021,1100000
1125,2021,20000000
1126,2021,49300000
1127,2021,0
1128,2021,1000000
1129,2021,3000000
1130,2021,24000000
1131,2021,29500000
1132,2021,6170000
1133,2021,37000000
1134,2021,4200000
1135,2019,2600000
1136,2021,30000000
1137,2021,2000000
1138,2021,14800000
1139,2021,17900000
1140,2021,20300000
1141,2021,75000000
1142,2021,600000
1143,2021,0
1144,2021,3100000
1145,2021,12750000
1146,2021,2000000
1147,2021,31000000
1148,2021,100000000
1149,2021,43600000
1150,2019,25000000
1151,2021,100000
1152,2021,0
1153,2021,5350000
1154,2020,1390000
1155,2021,100000000
1156,2021,500000000
1157,2021,0
1158,2021,3500000
1159,2021,4300000
1160,2021,70000000
1161,2020,5000000
1162,2021,3800000
1163,2021,20100000
1164,2021,3900000
1165,2021,189000000
1166,2019,0
1167,2021,1600000
1168,2021,1500000
1169,2021,0
1170,2021,1492658
1171,2021,2000000
1172,2021,189000
1173,2021,1200000
1174,2021,25000
1175,2021,25000
1176,2021,25000
1177,2021,18000000
1178,2021,400000
1179,2021,125000
1180,2021,0
1181,2021,0
1182,2021,4200000
1183,2021,166000000
1184,2021,79200000
1185,2021,1000000
1186,2021,3000000
1187,2021,6500000
1188,2021,750000
1189,2021,3000000
1190,2021,2000000
1191,2021,7000000
1192,2021,6500000
1193,2021,1000000
1194,2021,1400000
1195,2021,1400000
1196,2021,1600000
1197,2021,270000
1198,2021,8500000
1199,2020,8000000
1200,2021,37900000
1201,2021,92900000
1202,2021,0
1203,2021,4000000
1204,2021,250000
1205,2021,2750000
1206,2021,68000
1207,2021,0
1208,2021,40000000
1209,2021,21000000
1210,2021,2000000
1211,2020,600000
1212,2021,5500000
1213,2021,1900000
1214,2021,128000
1215,2020,1000000
1216,2020,3700000
1217,2021,68000000
1218,2021,61900000
1219,2021,70000000
1220,2021,10000000
1221,2019,3000000
1222,2021,5100000
1223,2021,20000000
1224,2021,6300000
1225,2021,37000000
1226,2021,0
1227,2021,9000000
1228,2021,1680000
1229,2019,1300000
1230,2021,250000
1231,2021,99000000
1232,2021,2900000
1233,2021,19000000
1234,2021,15500000
1235,2021,3500000
1236,2021,165000000
1237,2021,120594425
1238,2021,250000
1239,2021,31600000
1240,2019,1000000
1241,2021,4100000
1242,2019,1200000
1243,2021,5000000
1244,2021,25000
1245,2021,22800000
1246,2021,2800000
1247,2021,100000000
1248,2020,0
1249,2021,25000000
1250,2020,6400000
1251,2021,470000
1252,2021,9000000
1253,2021,15000000
1254,2021,25000
1255,2020,150000
1256,2021,1640000
1257,2021,120000
1258,2020,120000
1259,2021,120000
1260,2021,20000000
1261,2021,100000
1262,2021,1250000
1263,2021,125000
1264,2021,7000000
1265,2021,120000
1266,2021,4460000
1267,2021,0
1268,2021,120000
1269,2021,2000000
1270,2021,119500000
1271,2019,40000000
1272,2021,0
1273,2021,750000
1274,2020,120000
1275,2019,550000
1276,2021,1200000
1277,2019,2000000
1278,2021,8000000
1279,2019,22000000
1280,2021,35000000
1281,2021,120000
1282,2021,2225000
1283,2021,120000
1284,2021,2000000
1285,2022,3000000
1286,2022,446500000
1287,2019,120000
1288,2020,5000000
1289,2021,7500000
1290,2021,2300000
1291,2021,2000000
1292,2021,8400000
1293,2021,12500000
1294,2021,1000000
1295,2019,2600000
1296,2021,6000000
1297,2021,2500000
1298,2019,120000
1299,2021,2500000
1300,2019,10000000
1301,2021,4500000
1302,2021,20000000
1303,2019,13200000
1304,2021,7500000
1305,2021,0
1306,2021,11200000
1307,2021,3800000
1308,2021,750000
1309,2019,2000000
1310,2019,10000000
1311,2021,21500000
1312,2019,25000
1313,2021,1300000
1314,2021,5200000
1315,2021,137402
1316,2021,3600000
1317,2021,4200000
1318,2021,2250000
1319,2021,125000
1320,2021,125000
1321,2021,884000
1322,2021,125000
1323,2021,125000
1324,2021,125000
1325,2021,872783
1326,2019,290000
1327,2021,594681
1328,2022,0
1329,2022,7600000
1330,2022,750000
1331,2022,125000
1332,2022,125000
1333,2022,125000
1334,2022,125000
1335,2022,315000000
1336,2022,33850000
1337,2022,43700000
1338,2022,6200000
1339,2022,156000
1340,2022,1090000
1341,2022,2810000
1342,2022,2160000
1343,2022,2100000
1344,2022,1100000
1345,2022,87260000
1346,2022,744000000
1347,2022,1850000
1348,2022,8130000
1349,2022,18700000
1350,2022,63000000
1351,2022,785000
1352,2022,450000
1353,2021,3500000
1354,2021,3000000
1355,2021,54600000
1356,2022,2760000
1357,2022,7663800
1358,2022,1405260
1359,2022,1915740
1360,2022,50909000
1361,2022,60000000
1362,2022,0
1363,2022,160000000
1364,2022,7612890
1365,2022,2000000
1366,2022,76096500
1367,2022,3809325
1368,2022,6340350
1369,2022,31000000
1370,2022,7604700
1371,2022,3043716
1372,2022,147895940
1373,2022,2000000
1374,2022,27500000
1375,2022,9500000
1376,2022,25000000
1377,2022,40000000
1378,2022,636000
1379,2022,636000
1380,2022,800000
1381,2022,100000
1382,2022,4400000
1383,2022,13500000
1384,2022,6500000
1385,2022,17500000
1386,2022,101600000
1387,2022,4000000
1388,2022,0
1389,2022,9800000
1390,2022,7300000
1391,2022,540000
1392,2022,300000
1393,2022,159000000
1394,2022,0
1395,2022,3200000
1396,2022,1000000
1397,2022,1100000
1398,2022,44440375
1399,2022,8883735
1400,2022,0
1401,2022,50700000
1402,2022,20000000
1403,2022,7200000
1404,2022,507000
1405,2022,25000000
1406,2022,15300000
1407,2022,4580946
1408,2022,23600000
1409,2022,593000
1410,2022,5100000
1411,2022,15000000
1412,2022,15600000
1413,2022,75500000
1414,2022,19035825
1415,2022,14009820
1416,2022,5500000
1417,2022,3800000
1418,2022,6000000
1419,2022,11000000
1420,2022,2600000
1421,2022,1250000
1422,2022,0
1423,2022,4700000
1424,2022,4100000
1425,2022,2200000
1426,2022,3400000
1427,2022,400000
1428,2022,7500000
1429,2022,4200000
1430,2022,5000000
1431,2022,1700000
1432,2022,12567550
1433,2022,1800000
1434,2022,15079140
1435,2022,1884502
1436,2022,500000
1437,2022,16100000
1438,2022,14500000
1439,2022,135000000
1440,2022,20000000
1441,2022,30000000
1442,2022,5700000
1443,2022,6200000
1444,2022,2200000
1445,2020,1000000
1446,2022,0
1447,2022,636000
1448,2022,636000
1449,2022,636000
1450,2022,636000
1451,2022,636000
1452,2022,636000
1453,2022,636000
1454,2022,636000
1455,2022,636000
1456,2022,636000
1457,2022,636000
1458,2022,636000
1459,2020,156000
1460,2020,156000
1461,2020,156000
1462,2020,156000
1463,2020,156000
1464,2020,156000
1465,2020,156000
1466,2019,156000
1467,2019,156000
1468,2019,156000
1469,2020,156000
1470,2020,156000
1471,2020,156000
1472,2021,156000
1473,2022,1700000
1474,2022,2000000
1475,2022,1000000
1476,2022,4700000
1477,2022,1100000
1478,2022,3700000
1479,2022,3800000
1480,2022,31000000
1481,2022,0
1482,2022,4407025
1483,2022,0
1484,2022,5030620
1485,2022,36513465
1486,2022,10000000
1487,2022,9000000
1488,2022,2500000
1489,2022,2700000
1490,2022,1200000
1491,2022,2650000
1492,2022,37800000
1493,2022,14400000
1494,2022,10000000
1495,2022,3500000
1496,2022,10000000
1497,2022,2000000
1498,2022,3000000
1499,2022,5000000
1500,2022,35000000
1501,2022,1919467
1502,2022,12700000
1503,2022,16500000
1504,2022,7500000
1505,2022,625000
1506,2022,10000000
1507,2022,2300000
1508,2019,600000
1509,2022,128000000
1510,2022,2950000
1511,2022,185000000
1512,2022,1900000
1513,2022,0
1514,2022,350000
1515,2022,4950000
1516,2022,123700000
1517,2022,65100000
1518,2021,1000000
1519,2022,9100000
1520,2022,5827702
1521,2021,2000000
1522,2022,537684160
1523,2022,5299783
1524,2022,57800000
1525,2022,13400000
1526,2022,19300000
1527,2022,4496117
1528,2022,6000000
1529,2022,30000000
1530,2022,2200000
1531,2022,300000
1532,2022,2300000
1533,2022,8980370
1534,2022,7000000
1535,2022,6390000
1536,2022,25000000
1537,2022,5000000
1538,2022,10500000
1539,2022,1230000
1540,2022,2700000
1541,2022,3800000
1542,2022,1065000
1543,2022,30000000
1544,2022,33900000
1545,2020,5000000
1546,2022,21000000
1547,2021,6000000
1548,2022,3500000
1549,2022,2600000
1550,2022,1100000
1551,2022,4100000
1552,2022,2440000
1553,2022,2500000
1554,2020,2000000
1555,2022,7600000
1556,2022,500000
1557,2022,3800000
1558,2022,2500000
1559,2022,13100000
1560,2022,2500000
1561,2022,10000000
1562,2022,75200000
1563,2022,9500000
1564,2022,6200000
1565,2022,400000
1566,2022,638882
1567,2022,350000
1568,2022,600000
1569,2022,350000
1570,2022,7000000
1571,2022,14200000
1572,2022,3200000
1573,2022,3900000
1574,2022,8000000
1575,2021,0
1576,2022,7000000
1577,2022,1000000
1578,2022,25000000
1579,2022,5300000
1580,2022,2250000
1581,2022,5100000
1582,2022,3000000
1583,2022,1000000
1584,2022,10000000
1585,2022,5801287
1586,2022,1000000
1587,2022,2900000
1588,2022,3200000
1589,2022,1200000
1590,2022,5200000
1591,2022,23500000
1592,2022,1000000
1593,2022,2300000
1594,2022,17172870
1595,2022,3000000
1596,2022,26000000
1597,2022,45000000
1598,2022,5600000
1599,2022,3910755
1600,2022,18000000
1601,2022,0
1602,2022,0
1603,2022,0
1604,2022,0
1605,2022,0
1606,2022,0
1607,2022,1549956
1608,2022,12000000
1609,2022,5500000
1610,2022,3800000
1611,2022,2500000
1612,2022,30000000
1613,2022,11800000
1614,2022,12800000
1615,2022,20000000
1616,2022,13000000
1617,2022,2500000
1618,2022,12500000
1619,2022,2000000
1620,2022,36000000
1621,2022,0
1622,2022,12100000
1623,2022,4200000
1624,2022,3140000
1625,2022,6500000
1626,2022,20000000
1627,2022,20000000
1628,2022,3100000
1629,2022,11000000
1630,2022,3900000
1631,2022,3300000
1632,2022,646415
1633,2022,500000
1634,2022,5000000
1635,2022,0
1636,2022,66000000
1637,2022,13000000
1638,2022,3200000
1639,2022,27
1640,2022,2000000
1641,2022,21070000
1642,2022,1450000
1643,2022,5100000
1644,2022,2500000
1645,2022,10000000
1646,2022,6000000
1647,2022,25000000
1648,2022,13000000
1649,2022,4200000
1650,2022,4690000
1651,2022,4000000
1652,2022,0
1653,2022,2170000
1654,2022,5000000
1655,2022,0
1656,2022,96067300
1657,2022,16700000
1658,2022,3500000
1659,2022,1100000
1660,2022,0
1661,2022,0
1662,2022,2550000
1663,2022,88000000
1664,2022,54000000
1665,2022,41000000
1666,2022,5500000
1667,2022,5500000
1668,2022,8000000
1669,2022,8000000
1670,2022,2000000
1671,2022,3000000
1672,2022,7000000
1673,2022,4000000
1674,2022,2100000
1675,2022,1400000
1676,2022,92000000
1677,2022,95000000
1678,2022,4000000
1679,2022,3030000
1680,2022,75000000
1681,2022,4000000
1682,2022,2000000
1683,2022,13750000
1684,2022,10000000
1685,2022,20000000
1686,2022,19700000
1687,2022,4000000
1688,2022,55000000
1689,2022,2390000
1690,2022,2700000
1691,2022,9617755
1692,2022,12800000
1693,2022,150000000
1694,2022,750000
1695,2022,130000000
1696,2022,132575000
1697,2022,3000000
1698,2022,79539900
1699,2022,2400000
1700,2022,95000000
1701,2022,2400000
1702,2022,12000000
1703,2022,54000000
1704,2022,4700000
1705,2022,10727600
1706,2022,66771250
1707,2022,10400000
1708,2022,22800000
1709,2022,5000000
1710,2022,6000000
1711,2022,19532152
1712,2022,5500000
1713,2022,2000000
1714,2022,19798010
1715,2022,12000000
1716,2022,75000000
1717,2022,42000000
1718,2022,40975950
1719,2022,14329665
1720,2022,30000000
1721,2022,1500000
1722,2022,27000000
1723,2022,80000000
1724,2022,13900000
1725,2022,7944289
1726,2022,4000000
1727,2022,1500000
1728,2022,4000000
1729,2022,46000000
1730,2022,38400000
1731,2022,318000000
1732,2022,8100000
1733,2023,47000000
1734,2023,13400000
1735,2023,8000000
1736,2023,8053650
1737,2023,30000000
1738,2023,50000000
1739,2023,13700000
1740,2023,6700000
1741,2023,15966300
1742,2023,30000000
1743,2023,20000000
1744,2023,1000000
1745,2023,3000000
1746,2023,6700000
1747,2023,24000000
1748,2023,133661500
1749,2023,10800000
1750,2023,9100000
1751,2023,10000000
1752,2023,2000000
1753,2023,9500000
1754,2023,4000000
1755,2023,0
1756,2023,1400000
1757,2023,8000000
1758,2023,3600000
1759,2023,8600000
1760,2023,2000000
1761,2023,15100000
1762,2023,6200000
1763,2023,2500000
1764,2023,125000000
1765,2023,1300000
1766,2023,2000000
1767,2023,20000000
1768,2023,2700000
1769,2023,4000000
1770,2023,10000000
1771,2023,38000000
1772,2023,34000000
1773,2023,0
1774,2023,16250000
1775,2023,34400000
1776,2023,4800000
1777,2023,1000000
1778,2023,5100000
1779,2023,100000
1780,2023,21708240
1781,2023,5407980
1782,2023,676192
1783,2023,20000000
1784,2023,1400000
1785,2023,2100000
1786,2023,22321447
1787,2023,0
1788,2023,2700000
1789,2023,5000000
1790,2023,18000000
1791,2023,12000000
1792,2023,120000000
1793,2023,3700000
1794,2023,8220000
1795,2023,40000000
1796,2023,12500000
1797,2023,1300000
1798,2023,3800000
1799,2023,21000000
1800,2023,19997775
1801,2023,124328800
1802,2023,1200000
1803,2023,1343195
1804,2023,0
1805,2023,260000000
1806,2023,700000
1807,2023,11400000
1808,2023,2200000
1809,2023,26899100
1810,2023,30000000
1811,2023,40625850
1812,2023,11000000
1813,2023,5822479
1814,2023,0
1815,2023,142000000
1816,2023,12000000
1817,2023,27000000
1818,2023,36583785
1819,2023,120000000
1820,2023,34000000
1821,2023,15000000
1822,2023,10000000
1823,2023,1300000
1824,2023,0
1825,2023,3000000
1826,2023,15000000
1827,2023,0
1828,2023,6500000
1829,2023,1483625
1830,2023,7000000
1831,2023,2000000
1832,2023,47000000
1833,2023,20000000
1834,2023,0
1835,2023,27000000
1836,2023,10900000
1837,2023,300000000
1838,2023,1200000
1839,2023,95000000
1840,2023,2000000
1841,2023,1000000
1842,2023,1400000
1843,2023,6000000
1844,2023,1250000
1845,2023,2500000
1846,2023,8000000
1847,2023,125000000
1848,2023,1671162
1849,2023,360301500
1850,2023,11200000
1851,2023,3000000
1852,2023,17000000
1853,2023,1130000
1854,2023,1100000
1855,2023,7000000
1856,2023,1300000
1857,2023,3500000
1858,2023,50200000
1859,2023,80000000
1860,2023,3299975
1861,2023,15485442
1862,2023,1300000
1863,2023,7900000
1864,2023,3000000
1865,2023,2200000
1866,2023,40000000
1867,2023,12400000
1868,2023,1000000
1869,2023,20000000
1870,2023,9500000
1871,2023,105934800
1872,2023,33106750
1873,2023,9268420
1874,2023,3250000
1875,2023,1000000
1876,2023,2900000
1877,2023,1500000
1878,2023,0
1879,2023,3000000
1880,2023,8000000
1881,2023,2350000
1882,2023,42302400
1883,2023,3520000
1884,2023,1800000
1885,2023,79145100
1886,2023,12000000
1887,2023,79195200
1888,2023,5000000
1889,2023,34400000
1890,2023,12000000
1891,2023,17500000
1892,2023,10000000
1893,2023,133300000
1894,2023,33500000
1895,2023,10000000
1896,2023,15000000
1897,2023,50000000
1898,2023,30000000
1899,2023,1600000
1900,2023,3800000
1901,2023,22300000
1902,2023,2700000
1903,2023,2500000
1904,2023,33000000
1905,2023,54300000
1906,2023,1700000
1907,2023,5000000
1908,2023,27283000
1909,2023,1000000
1910,2023,1637190
1911,2023,3250000
1912,2023,1700000
1913,2023,59900000
1914,2023,1400000
1915,2023,250000
1916,2023,3300000
1917,2023,2000000
1918,2023,1500000
1919,2023,46531875
1920,2023,107916000
1921,2023,19000000
1922,2023,12500000
1923,2023,10000000
1924,2023,7464875
1925,2023,2500000
1926,2023,20000000
1927,2023,0
1928,2023,3426625
1929,2023,4780000
1930,2023,82245900
1931,2023,2000000
1932,2023,13000000
1933,2023,100000000
1934,2023,10000000
1935,2023,15000000
1936,2023,2500000
1937,2023,2500000
1938,2023,14000000
1939,2023,0
1940,2023,20000000
1941,2023,10500000
1942,2023,0
1943,2023,68000000
1944,2023,5049963
1945,2023,5700000
1946,2023,3600000
1947,2023,36000000
1948,2023,90000000
1949,2023,27000000
1950,2023,46000000
1951,2023,4100000
1952,2023,44600000
1953,2023,20509725
1954,2023,10000000
1955,2023,700000
1956,2023,5000000
1957,2023,137000000
1958,2023,3600000
1959,2023,7000000
1960,2023,17500000
1961,2023,5000000
1962,2023,75000000
1963,2023,0
1964,2023,12000000
1965,2023,4100000
1966,2023,2000000
1967,2023,0
1968,2023,9500000
1969,2023,13500000
1970,2023,2037592
1971,2023,12000000
1972,2023,1850000
1973,2023,86000000
1974,2023,55000000
1975,2023,2300000
1976,2023,18000000
1977,2023,4200000
1978,2023,5352860
1979,2023,26700000
1980,2023,5000000
1981,2023,2300000
1982,2024,0
1983,2024,6000000
1984,2024,2000000
1985,2024,10000000
1986,2024,26000000
1987,2024,0
1988,2024,5000000
1989,2024,229000000
1990,2024,22900000
1991,2024,4180000
1992,2024,2000000
1993,2024,10766440
1994,2024,20000000
1995,2024,12700000
1996,2024,1500000
1997,2024,1500000
1998,2024,6500000
1999,2024,50000000
2000,2024,6067822
2001,2024,2000000
2002,2024,6069487
2003,2024,10800000
2004,2024,10500000
2005,2024,27000000
2006,2024,2100000
2007,2024,7900000
2008,2024,1350000
2009,2024,80000000
2010,2024,2800000
2011,2024,1200000
2012,2024,1100000
2013,2024,783000
2014,2024,67308250
2015,2024,7000000
2016,2024,2200000
2017,2024,1200000
2018,2024,2300000
2019,2024,7000000
2020,2024,4735605
2021,2024,2000000
2022,2024,8121840
2023,2024,4500000
2024,2024,1828879
2025,2024,28000000
2026,2024,45000000
2027,2024,27219800
2028,2024,1500000
2029,2024,2000000
2030,2024,27000000
2031,2024,5418200
2032,2024,20315775
2033,2024,0
2034,2024,1100000
2035,2024,1000000
2036,2024,1250000
2037,2024,7814480
2038,2024,85000000
2039,2024,24600000
2040,2024,14200000
2041,2024,70000000
2042,2024,25000000
2043,2024,37343288
2044,2024,1700000
2045,2024,2300000
2046,2024,8350000
2047,2024,17400000
2048,2024,0
2049,2024,0
2050,2024,5000000
2051,2024,2700000
2052,2024,10000000
2053,2024,0
2054,2024,4000000
2055,2024,2000000
2056,2024,2300000
2057,2024,3000000
2058,2024,250000
2059,2024,8900000
2060,2024,2300000
2061,2024,4000000
2062,2024,2200000
2063,2024,6800000
2064,2024,2100000
2065,2024,28600000
2066,2024,5250000
2067,2024,2500000
2068,2024,1500000
2069,2024,1100000
2070,2024,1500000
2071,2024,0
2072,2024,3000000
2073,2024,0
2074,2024,44000000
2075,2024,28703850
2076,2024,3417550
2077,2024,1500000
2078,2024,3500000
2079,2024,4000000
2080,2024,3000000
2081,2024,2200000
2082,2024,171200000
2083,2024,620525250
2084,2024,15121755
2085,2024,26122150
2086,2024,2748860
2087,2024,143000000
2088,2024,1700000
2089,2024,23383840
2090,2024,11000000
2091,2024,2700000
2092,2024,136000000
2093,2024,4100000
2094,2024,274049000
2095,2024,0
2096,2024,8220810
2097,2024,2500000
2098,2024,10000000
2099,2024,18000000
2100,2024,42000000
2101,2024,6838325
2102,2024,4700000
2103,2024,1300000
2104,2024,10000000
2105,2024,10000000
2106,2024,16000000
2107,2024,0
2108,2024,0
2109,2024,1200000
2110,2024,782000
2111,2024,2700000
2112,2024,2600000
2113,2024,3000000
2114,2024,17000000
2115,2024,35000000
2116,2024,13600000
2117,2024,2300000
2118,2024,687000000
2119,2024,1240000000
2120,2024,10000000
2121,2024,1600000
2122,2024,3100000
2123,2024,4000000
2124,2024,0
2125,2024,13800000
2126,2024,2000000
2127,2024,51000000
2128,2024,20000000
2129,2024,10700000
2130,2024,575000
2131,2024,5000000
2132,2024,2000000
2133,2024,3900000
2134,2024,20000000
2135,2024,5000000
2136,2024,0
2137,2024,23300000
2138,2024,11700000
2139,2024,10000000
2140,2024,137000000
2141,2024,2000000
2142,2024,3500000
2143,2024,11300000
2144,2024,1800000
2145,2024,26000000
2146,2024,15000000
2147,2024,10000000
2148,2024,8000000
2149,2024,2800000
2150,2024,11000000
2151,2024,12200000
2152,2024,8800000
2153,2024,42000000
2154,2024,1150000
2155,2024,2000000
2156,2024,100000000
2157,2024,6400000
2158,2024,28000000
2159,2024,42000000
2160,2024,30000000
2161,2024,24450000
2162,2024,9100000
2163,2024,8200000
2164,2024,0
2165,2024,71000000
2166,2024,26900000
2167,2024,190000000
2168,2024,10000000
2169,2024,1100000
2170,2024,1500000
2171,2024,2900000
2172,2024,2000000
2173,2024,178600000
2174,2024,2100000
2175,2024,6200000
2176,2024,2800000
2177,2024,33800000
2178,2024,822000000
2179,2024,3
2180,2024,3000000
2181,2024,2000000
2182,2024,4100000
2183,2024,5175000
2184,2024,28100000
2185,2024,15800000
2186,2024,1000000
2187,2024,58000000
2188,2024,1
2189,2024,2300000
2190,2024,4200000
2191,2024,2100000
2192,2024,175000000
2193,2024,31000000
2194,2024,95000000
2195,2024,2000000
2196,2024,6959025
2197,2024,20000000
2198,2024,362000000
2199,2024,1600000
2200,2024,28
2201,2024,5000000
2202,2024,32000000
2203,2024,0
2204,2024,2300000
2205,2024,42200000
2206,2024,3000000
2207,2024,70000000
2208,2024,0
2209,2024,1100000
2210,2024,15000000
2211,2024,4000000
2212,2024,2600000
2213,2024,20900000
2214,2024,1500000
2215,2024,30800000
2216,2024,0
2217,2024,1260000
2218,2024,693000000
2219,2024,7067925
2220,2024,30000000
2221,2024,57000000
2222,2024,115000000
2223,2024,1500000
2224,2024,5000000
2225,2024,30000000
2226,2024,38
2227,2024,0
2228,2024,5500000
2229,2024,1300000
2230,2024,0
2231,2024,57300000
2232,2024,5300000
2233,2024,30000000
2234,2024,7500000
2235,2025,9
2236,2024,6800000
2237,2025,2880000
2238,2025,165000000
2239,2025,16000000
2240,2025,24500000
2241,2025,70000000
2242,2025,27500000
2243,2025,7000000
2244,2025,11500000
2245,2025,3000000
2246,2025,1450000
2247,2025,15800000
2248,2025,0
2249,2025,1500000
2250,2025,2500000
2251,2025,1000000
2252,2025,2000000
2253,2025,0
2254,2025,20000000
2255,2025,35000000
2256,2025,29000000
2257,2025,23700000
2258,2025,58400000
2259,2025,4400000
2260,2025,235000000
2261,2025,3000000
2262,2025,1100000
2263,2019,1350000
2264,2019,15000000
2265,2019,2750000
2266,2019,3000000
2267,2019,0
2268,2019,4500000
2269,2019,4000000
2270,2019,1000000
2271,2019,0
2272,2019,33172500
2273,2019,684451
2274,2019,7961400
2275,2019,1406514
2276,2019,0
2277,2019,3317250
2278,2019,15000000
2280,2019,40000000
2281,2019,700000
2282,2019,0
2283,2019,1960000
2284,2019,5214717
2285,2019,3980700
2286,2019,14595900
2287,2020,3403607
2288,2020,20325000
2289,2020,1100000
2290,2020,1250000
2291,2019,2000000
2292,2020,20325000
2293,2020,0
2294,2020,3200000
2295,2020,73000000
2296,2020,50000
2297,2020,680000
2298,2020,3000000
2299,2020,700000
2300,2020,6000000
2301,2020,7600000
2302,2020,0
2303,2020,1500000
2304,2020,1505000
2305,2020,1900000
2306,2020,66000000
2307,2020,0
2308,2020,10000000
2309,2020,815000
2310,2020,130000
2311,2020,20000000
2312,2020,50000
2313,2020,700000
2314,2020,50000000
2315,2020,1761500
2316,2020,2300000
2317,2021,50000
2318,2021,2965023
2319,2021,458181
2320,2021,152424
2321,2021,0
2322,2021,0
2323,2021,7400000
2324,2021,54000000
2325,2021,710000
2326,2021,1300000
2327,2021,18999000
2328,2021,50700000
2329,2021,49681
2330,2021,180626
2331,2021,7000000
2332,2021,173452
2333,2021,0
2334,2021,2087600
2335,2021,0
2336,2021,0
2337,2021,3806800
2338,2021,7429400
2339,2021,700000
2340,2021,0
2341,2021,0
2342,2021,300000
2343,2021,0
2344,2021,285000
2345,2021,14000000
2346,2021,5600000
2347,2021,2500000
2348,2021,100000
2349,2021,0
2350,2021,0
2351,2021,1300000
2352,2019,150000
2353,2019,1000000
2354,2019,0
2355,2019,0
2356,2019,500000
2357,2020,0
2358,2020,400000
2359,2020,1200000
2360,2020,0
2361,2021,580000
2362,2021,156000
2363,2021,7600000
2364,2021,64000000
2365,2021,1880000
2366,2021,10600000
2367,2021,125000
2368,2021,2500000
2369,2021,12700000
2370,2021,16500000
2371,2021,6700000
2372,2021,400000
2373,2021,0
2374,2021,10000000
2375,2019,600000
2376,2021,1150000
2377,2021,1900000
2378,2021,2250000
2379,2021,0
2380,2021,0
2381,2021,0
2382,2022,12700000
2383,2022,6000000
2384,2022,1000000
2385,2022,6800000
2386,2022,0
2387,2022,400000
2388,2022,10000000
2389,2022,17800000
2390,2022,5400000
2391,2022,55000000
2392,2022,16000000
2393,2022,30000000
2394,2022,33500000
2395,2020,62785300
2396,2020,47900000
2397,2020,2032500
2398,2020,1440376
2399,2020,600000
2400,2020,14227500
2401,2020,1800000
2402,2020,2000000
2403,2020,700000
2404,2020,6500000
2405,2020,84744000
2406,2020,1200000
2407,2020,1200000
2408,2020,0
2409,2020,6500000
2410,2020,300000
2411,2020,3500000
2412,2020,600000
2413,2020,1250000
2414,2020,0
2415,2020,600000
2416,2020,70600000
2417,2020,1575000
2418,2020,0
2419,2020,15000000
2420,2020,0
2421,2020,12000000
2422,2020,750000
2423,2020,9700000
2424,2020,125000
2425,2020,1000000
2426,2020,62330000
2427,2020,75000
2428,2020,900000
2429,2020,1005000
2430,2020,223306
2431,2020,3850000
2432,2020,3900000
2433,2020,0
2434,2020,38000000
2435,2020,1200000
2436,2020,0
2437,2020,11500000
2438,2020,6000000
2439,2020,16200000
2440,2020,2500000
2441,2020,315000
2442,2020,8900000
2443,2020,230350000
2444,2020,6900000
2445,2020,5000000
2446,2020,1480000
2447,2020,6890000
2448,2020,665337
2449,2020,5200000
2450,2020,0
2451,2020,0
2452,2020,0
2453,2020,50000
2454,2020,29999
2455,2020,400000
2456,2020,3750000
2457,2020,120000
2458,2020,2000000
2459,2020,120000
2460,2020,250000
2461,2020,11500000
2462,2020,0
2463,2020,120000
2464,2020,4000000
2465,2020,0
2466,2020,250675000
2467,2020,200000
2468,2020,6500000
2469,2020,18000000
2470,2020,15000000
2471,2020,3385000
2472,2020,1800000
2473,2020,0
2474,2020,16343079
2475,2020,8000000
2476,2020,2000000
2477,2020,3500000
2478,2020,790064
2479,2020,7500000
2480,2020,0
2481,2020,4700000
2482,2020,2150163
2483,2020,0
2484,2020,4000000
2485,2020,8500000
2486,2020,11141000
2487,2020,16887296
2488,2020,0
2489,2020,0
2490,2020,2000000
2491,2020,0
2492,2020,11000005
2493,2021,7599600
2494,2021,10000
2495,2021,1900000
2496,2021,1429876
2497,2021,200000
2498,2021,128180
2499,2021,1300000
2500,2021,23689
2501,2021,2500000
2502,2021,1476779
2503,2021,50644
2504,2021,0
2505,2021,6500000
2506,2021,2500000
2507,2021,213000000
2508,2021,0
2509,2021,14000000
2510,2021,1000000
2511,2021,900000
2512,2021,100000000
2513,2021,4912000
2514,2021,25000
2515,2021,0
2516,2021,5000000
2517,2021,1500000
2518,2021,1250000
2519,2021,4420800
2520,2021,18420000
2521,2021,2087600
2522,2021,11543200
2523,2021,15000000
2524,2021,9600000
2525,2021,70000
2526,2021,184200
2527,2021,0
2528,2021,76000000
2529,2021,33156000
2530,2021,73500000
2531,2021,225000000
2532,2021,122800000
2533,2021,6000000
2534,2021,175000000
2535,2021,35000000
2536,2021,12750000
2537,2021,2000000
2538,2021,23000000
2539,2021,1585541
2540,2021,1250000
2541,2021,3000000
2542,2021,19100000
2543,2021,10000
2544,2021,15000
2545,2021,1500000
2546,2019,0
2547,2019,0
2548,2019,0
2549,2019,0
2550,2019,0
2551,2019,0
2552,2019,0
2553,2019,0
2554,2019,0
2555,2019,0
2556,2019,0
2557,2019,0
2558,2019,0
2559,2019,0
2560,2019,0
2561,2019,0
2562,2019,0
2563,2019,0
2564,2019,600000
2565,2019,0
2566,2019,59451750
2567,2019,477504
2568,2019,17000000
2569,2019,0
2570,2019,15912360
2571,2019,4641105
2572,2019,0
2573,2019,1000000
2574,2019,3930000
2575,2019,10000
2576,2019,1400000
2577,2019,157398
2578,2019,0
2579,2019,4500000
2580,2019,15000000
2581,2019,50000
2582,2019,0
2583,2019,0
2584,2019,13314
2585,2019,1336525
2586,2019,400000
2587,2019,0
2588,2019,2000000
2589,2019,1900000
2590,2019,1345525
2591,2019,0
2592,2019,672473
2593,2019,125000
2594,2019,125000
2595,2019,0
2596,2019,338588
2597,2019,200872
2598,2019,200000
2599,2019,0
2600,2019,0
2601,2019,0
2602,2019,0
2603,2019,53650000
2604,2019,1000000
2605,2019,0
2606,2019,9887625
2607,2019,4593225
2608,2019,19600000
2609,2019,2250000
2610,2019,0
2611,2019,0
2612,2019,51000000
2613,2019,5223060
2614,2019,24865110
2615,2019,250000
2616,2019,196928
2617,2019,0
2618,2019,300000
2619,2019,27727875
2620,2019,0
2621,2019,199988
2622,2019,8317813
2623,2019,490000
2624,2019,0
2625,2019,400000
2626,2019,1100000
2627,2019,3440190
2628,2019,0
2629,2019,158046
2630,2019,0
2631,2019,0
2632,2019,200000000
2633,2019,22700000
2634,2019,8209544
2635,2019,2654100
2636,2019,0
2637,2019,600000
2638,2019,20000000
2639,2019,2665880
2640,2019,1313680
2641,2019,7444485
2642,2019,2350026
2643,2019,0
2644,2019,0
2645,2019,0
2646,2019,0
2647,2019,600000
2648,2019,22500000
2649,2019,0
2650,2019,10000000
2651,2019,53000000
2652,2019,1000000
2653,2019,1800000
2654,2019,1202315
2655,2019,527734
2656,2019,85756
2657,2019,1270828
2658,2019,7904700
2659,2019,25000
2660,2019,750000
2661,2019,3816298
2662,2019,0
2663,2019,1235427
2664,2019,0
2665,2019,0
2666,2019,30000000
2667,2020,0
2668,2020,0
2669,2020,0
2670,2020,0
2671,2020,2000000
2672,2020,2500000
2673,2020,500000
2674,2020,30000
2675,2020,0
2676,2020,160000
2677,2020,0
2678,2020,100000
2679,2020,156000
2680,2020,100000
2681,2020,35000000
2682,2020,0
2683,2020,0
2684,2020,0
2685,2020,0
2686,2020,0
2687,2020,8000000
2688,2021,350000
2689,2021,150000
2690,2021,7200000
2691,2021,103000000
2692,2021,1500000
2693,2021,14400000
2694,2021,6595628
2695,2021,638820
2696,2021,650000
2697,2021,320000
2698,2021,1600000
2699,2021,0
2700,2021,485000
2701,2021,2150000
2702,2021,24000000
2703,2021,24000000
2704,2021,12400000
2705,2021,20000000
2706,2021,3700000
2707,2021,7000000
2708,2021,4000000
2709,2021,0
2710,2021,1500000
2711,2021,25000000
2712,2021,21575000
2713,2021,9000000
2714,2021,1200000
2715,2021,56800000
2716,2021,120000
2717,2021,120000
2718,2021,40000000
2719,2022,44000000
2720,2021,2500000
2721,2021,3807450
2722,2021,3200000
2723,2021,3000000
2724,2021,1300000
2725,2022,20000000
2726,2022,125000000
2727,2022,181000000
2728,2022,2600000
2729,2020,12500000
2730,2022,30000000
2731,2022,16800000
2732,2022,600000
2733,2022,63000000
2734,2022,3900000
2735,2020,100000
2736,2022,20000000
2737,2022,0
2738,2022,178019100
2739,2022,343000000
2740,2022,14000000
2741,2022,1100000
2742,2022,4300000
2743,2022,1401455
2744,2022,1400000
2745,2022,120000000
2746,2022,15000000
2747,2019,156000
2748,2022,6000000
